世話好きお姫様,世話好きお姫様,./sound/bgm/1001/bgm_1001001.ogg
柔らかな微笑み,柔らかな微笑み,./sound/bgm/1001/bgm_1001002.ogg
step step!,step step!,./sound/bgm/1001/bgm_1001003.ogg
夢の中で,夢の中で,./sound/bgm/1001/bgm_1001004.ogg
I love your smile,I love your smile,./sound/bgm/1001/bgm_1001005.ogg
重なる手と手,重なる手と手,./sound/bgm/1001/bgm_1001006.ogg
/usr/local/bin/banana/,/usr/local/bin/banana/,./sound/bgm/1001/bgm_1001007.ogg
心を開く時,心を開く時,./sound/bgm/1001/bgm_1001008.ogg
可愛い小悪魔さん,可愛い小悪魔さん,./sound/bgm/1001/bgm_1001009.ogg
静かな過去,静かな過去,./sound/bgm/1001/bgm_1001010.ogg
近くて遠くて,近くて遠くて,./sound/bgm/1001/bgm_1001011.ogg
淡き想い〜恋心,淡き想い〜恋心,./sound/bgm/1001/bgm_1001012.ogg
いつものあいつ,いつものあいつ,./sound/bgm/1001/bgm_1001013.ogg
乙女の秘密会議,乙女の秘密会議,./sound/bgm/1001/bgm_1001014.ogg
嗚呼我等の熱き青春っ！,嗚呼我等の熱き青春っ！,./sound/bgm/1001/bgm_1001015.ogg
strenuous lady,strenuous lady,./sound/bgm/1001/bgm_1001016.ogg
sakura,sakura,./sound/bgm/1001/bgm_1001017.ogg
sadness...,sadness...,./sound/bgm/1001/bgm_1001018.ogg
朝の吐息,朝の吐息,./sound/bgm/1001/bgm_1001019.ogg
陽のあたる教室,陽のあたる教室,./sound/bgm/1001/bgm_1001020.ogg
So Fine,So Fine,./sound/bgm/1001/bgm_1001021.ogg
夕焼けの教室,夕焼けの教室,./sound/bgm/1001/bgm_1001022.ogg
暖かな時間,暖かな時間,./sound/bgm/1001/bgm_1001023.ogg
星空をみつめて,星空をみつめて,./sound/bgm/1001/bgm_1001024.ogg
Dream of Cherry tree,Dream of Cherry tree,./sound/bgm/1001/bgm_1001025.ogg
long long ago...,long long ago...,./sound/bgm/1001/bgm_1001026.ogg
たった一つの大切な…,たった一つの大切な…,./sound/bgm/1001/bgm_1001027.ogg
sweet bell,sweet bell,./sound/bgm/1001/bgm_1001028.ogg
pain,pain,./sound/bgm/1001/bgm_1001029.ogg
too alone,too alone,./sound/bgm/1001/bgm_1001030.ogg
消え行く運命,消え行く運命,./sound/bgm/1001/bgm_1001031.ogg
怪しい足音,怪しい足音,./sound/bgm/1001/bgm_1001032.ogg
Happy Carnival,Happy Carnival,./sound/bgm/1001/bgm_1001033.ogg
変わらない日々,変わらない日々,./sound/bgm/1001/bgm_1001034.ogg
pillow talk,pillow talk,./sound/bgm/1001/bgm_1001035.ogg
冷たい涙,冷たい涙,./sound/bgm/1001/bgm_1001036.ogg
静かに見つめられて,静かに見つめられて,./sound/bgm/1001/bgm_1001037.ogg
また、会える・・・よね？,また、会える・・・よね？,./sound/bgm/1001/bgm_1001038.ogg
町、時の流れ、人,町、時の流れ、人,./sound/bgm/1002/bgm_1002001.ogg
渚,渚,./sound/bgm/1002/bgm_1002002.ogg
渚？,渚？,./sound/bgm/1002/bgm_1002003.ogg
渚〜坂の下の別れ,渚〜坂の下の別れ,./sound/bgm/1002/bgm_1002004.ogg
それは風のように,それは風のように,./sound/bgm/1002/bgm_1002005.ogg
は〜りぃすたーふぃっしゅ,は〜りぃすたーふぃっしゅ,./sound/bgm/1002/bgm_1002006.ogg
Etude pour les petites supercordes,Etude pour les petites supercordes,./sound/bgm/1002/bgm_1002007.ogg
TOE,TOE,./sound/bgm/1002/bgm_1002010.ogg
Etude pour les petites supercordes？,Etude pour les petites supercordes？,./sound/bgm/1002/bgm_1002011.ogg
彼女の本気,彼女の本気,./sound/bgm/1002/bgm_1002012.ogg
資料室のお茶会,資料室のお茶会,./sound/bgm/1002/bgm_1002013.ogg
東風-tempo up-,東風-tempo up-,./sound/bgm/1002/bgm_1002014.ogg
東風-afternoon-,東風-afternoon-,./sound/bgm/1002/bgm_1002015.ogg
東風,東風,./sound/bgm/1002/bgm_1002016.ogg
東風-piano-,東風-piano-,./sound/bgm/1002/bgm_1002017.ogg
有意義な時間の過ごし方,有意義な時間の過ごし方,./sound/bgm/1002/bgm_1002018.ogg
有意義な時間の過ごし方-guitar-,有意義な時間の過ごし方-guitar-,./sound/bgm/1002/bgm_1002019.ogg
有意義な時間の過ごし方-sax-,有意義な時間の過ごし方-sax-,./sound/bgm/1002/bgm_1002020.ogg
馬鹿ふたり,馬鹿ふたり,./sound/bgm/1002/bgm_1002021.ogg
ダム,ダム,./sound/bgm/1002/bgm_1002022.ogg
灰燼に帰す,灰燼に帰す,./sound/bgm/1002/bgm_1002023.ogg
同じ高みへ,同じ高みへ,./sound/bgm/1002/bgm_1002024.ogg
田舎小怪,田舎小怪,./sound/bgm/1002/bgm_1002025.ogg
日々の遑,日々の遑,./sound/bgm/1002/bgm_1002026.ogg
存在,存在,./sound/bgm/1002/bgm_1002027.ogg
存在-piano-,存在-piano-,./sound/bgm/1002/bgm_1002028.ogg
存在-e piano-,存在-e piano-,./sound/bgm/1002/bgm_1002029.ogg
空に光る,空に光る,./sound/bgm/1002/bgm_1002030.ogg
潮鳴り,潮鳴り,./sound/bgm/1002/bgm_1002031.ogg
潮鳴りII,潮鳴りII,./sound/bgm/1002/bgm_1002032.ogg
白詰草,白詰草,./sound/bgm/1002/bgm_1002033.ogg
遥かな年月,遥かな年月,./sound/bgm/1002/bgm_1002034.ogg
遥かな年月-piano-,遥かな年月-piano-,./sound/bgm/1002/bgm_1002035.ogg
夏時間,夏時間,./sound/bgm/1002/bgm_1002036.ogg
カントリートレイン,カントリートレイン,./sound/bgm/1002/bgm_1002037.ogg
雪野原,雪野原,./sound/bgm/1002/bgm_1002038.ogg
願いが叶う場所II,願いが叶う場所II,./sound/bgm/1002/bgm_1002039.ogg
願いが叶う場所,願いが叶う場所,./sound/bgm/1002/bgm_1002040.ogg
幻想,幻想,./sound/bgm/1002/bgm_1002041.ogg
幻想II,幻想II,./sound/bgm/1002/bgm_1002042.ogg
月の位相,月の位相,./sound/bgm/1002/bgm_1002043.ogg
無間,無間,./sound/bgm/1002/bgm_1002044.ogg
汐,汐,./sound/bgm/1002/bgm_1002045.ogg
HAPPY RUN,HAPPY RUN,./sound/bgm/1003/bgm_1003001.ogg
afternoon Tea Party,afternoon Tea Party,./sound/bgm/1003/bgm_1003002.ogg
雨上がりの朝に,雨上がりの朝に,./sound/bgm/1003/bgm_1003003.ogg
STEP DANCE,STEP DANCE,./sound/bgm/1003/bgm_1003004.ogg
Twin Fairy,Twin Fairy,./sound/bgm/1003/bgm_1003005.ogg
ああ、愛しき娘達よ,ああ、愛しき娘達よ,./sound/bgm/1003/bgm_1003006.ogg
Morning Bell,Morning Bell,./sound/bgm/1003/bgm_1003007.ogg
木漏れ日の街,木漏れ日の街,./sound/bgm/1003/bgm_1003008.ogg
Sunlight Summer,Sunlight Summer,./sound/bgm/1003/bgm_1003009.ogg
HEY YOU！,HEY YOU！,./sound/bgm/1003/bgm_1003010.ogg
茜色に抱かれて,茜色に抱かれて,./sound/bgm/1003/bgm_1003011.ogg
こっちからあっち　あっちからこっち,こっちからあっち　あっちからこっち,./sound/bgm/1003/bgm_1003012.ogg
Notice!,Notice!,./sound/bgm/1003/bgm_1003013.ogg
Don’t be afraid,Don’t be afraid,./sound/bgm/1003/bgm_1003014.ogg
Perple Moon,Perple Moon,./sound/bgm/1003/bgm_1003015.ogg
影ふみ,影ふみ,./sound/bgm/1003/bgm_1003016.ogg
滲む　鏡像,滲む　鏡像,./sound/bgm/1003/bgm_1003017.ogg
With You…,With You…,./sound/bgm/1003/bgm_1003018.ogg
In the Dream,In the Dream,./sound/bgm/1003/bgm_1003019.ogg
HIMAWARI,HIMAWARI,./sound/bgm/1003/bgm_1003020.ogg
